unit,name
31A,茅森月歌
31A,和泉ユキ
31A,逢川めぐみ
31A,東城つかさ
31A,朝倉可憐
31A,國見タマ
31B,蒼井えりか
31B,水瀬いちご
31B,水瀬すもも
31B,樋口聖華
31B,柊木梢
31B,ビャッコ
31C,山脇・ボン・イヴァール
31C,桜庭星羅
31C,天音巫呼
31C,豊後弥生
31C,神崎アーデルハイド
31C,佐月マリ
30G,白河ユイナ
30G,月城最中
30G,桐生美也
30G,菅原千恵
30G,小笠原緋雨
30G,蔵里見
31D,二階堂三郷
31D,石井色葉
31D,命吹雪
31D,室伏理沙
31D,伊達朱里
31D,瑞原あいな
31E,大島一千子
31E,大島二以奈
31E,大島三野里
31E,大島四ツ葉
31E,大島五十鈴
31E,大島六宇亜
31F,柳美音
31F,丸山奏多
31F,華村詩紀
31F,松岡チロル
31F,夏目祈
31F,黒沢真希
31X,キャロル・リーパー
31X,李映夏
31X,アイリーン・レドメイン
31X,ヴリティカ・バラクリシュナン
31X,マリア・デ・アンジェリス
31X,シャルロッタ・スコポフスカヤ
司令部,手塚咲
司令部,七瀬七海
司令部,浅見真紀子
